Title,Date,Link,Language
"Accord d’association Tunisie – UE : Trente ans après sa signature, le bilan serait « globalement positif - webmanagercenter",6/30/2025,https://news.google.com/rss/articles/CBMi4gFBVV95cUxPSnBsd2xRMXlOMFhEbmlZMTVQMnRwd3JlVnJIRkJvVXdmalBNVWVteXBubElIalctRmV4aktFMUlhbHdydWRzRXdyeHpRek5FMVBLY0g2ampueHJBeEk4c2tJVmdOdktIWi1iVzJFZXNsQ1NrMHpvSHRxamtOWnNhSHZLQm1jenJmdjl6VmRGWFgxTkU5Z0M3bDBsUDFPMW1ROXVxR2dWZk5kSThFSzlnNnR2a1EyQ0toOGctSm1ibnpjRWxOMnJwVUhjR2E2dFlldHp2c0lwcy1hRVJoOTItdEdR?oc=5,French
Tunisie │ Caravane de solidarité avec Abir Moussi (Vidéo) - Kapitalis,6/30/2025,https://news.google.com/rss/articles/CBMiqAFBVV95cUxQbnJvOXN0QTZlTE1HNUhiZWhETEdyQzdvOWpUbjVtQklZS0VmWFhDclJxUUVnRDF0dDEwbWp3TDE5UjdjbVVHTHcwNUtxWWcwdWxxOHNlUklpQ0hlUjBlSTBuem1xemlnMDRESEtXWVl5cXVwckZ1QVJrc01NeGF6UU5BRjVvUDZUREpuSGJSbmJxZjdGQmFCS2dWUmxtS0tSdEtmemsxOTk?oc=5,French
La saga des chirurgies en Tunisie se poursuit: influenceurs et représentantes de MedEspoir se prononcent - billie.ca,6/26/2025,https://news.google.com/rss/articles/CBMiogFBVV95cUxQYnJZQWQtS0FNcFJ0d1dRSDg0cE9DUmZNX2ZJYzdkSjllczZQOXdlV013VjZBV29DWHdXTU1TcXM1eUYzSDVTVFZYN2NGdVU4bG1EcjJSSFBOc29ra3R5OXI3cDNVc044b3ViZ3Z4RHdnR1RER1laZWhCcUFUTUlreWtHZmtoZndnVVR3YWthMjA1RlFHSDNkRlNkTUlVRXJyNkE?oc=5,French
FfD4 Séville : Sarra Zaafrani Zenzri représente la Tunisie à la conférence de l’ONU sur le financement du développement - webmanagercenter,6/30/2025,https://news.google.com/rss/articles/CBMi_AFBVV95cUxNOEpXNGZiR3IwQkkxZjVvY0NKYTUyRUpRejhObGRWZGt2Zm9jTGJhY3F2aGZya2ZZYWVmS3VTSzN1SVAzallBYmJlbzJEeFZkOF9kYXd0bFRxZDNpbm5GVkczSFZ1RGQ2YzNZZXZKeUpZNkN6a3MtSEVFaXBBcUZYb0o3UWNLVVlwaWk3VWVrSnQxZFNIOVp1Q0xnM09YUlozLXQ2ZXRsMDM0c0pfeEJfWFlscW1VQlIteXR1cjh4eUtWbnVrb0VKZzJIcU9aZzc2V3pLNnd6OXlscks5VUJkVFJzZDVwc0pzRjdzWE9tcEdzUDkyUjhNMmNkYnc?oc=5,French
مي عمر تعود من تونس بعد تكريمها وتبدأ التحضير لرمضان 2026 وأعمال سينمائية جديدة - المصري اليوم,6/28/2025,https://news.google.com/rss/articles/CBMiX0FVX3lxTE16QWZPOG1jY1hkVTJNRDlsLVQyQTJWZnlvMExkcmtUTGMxUEIyZzZsN1RnaUFRZ0FlZkIyaVhseU5BRHFOTTdldU5JMDBMYVBrNVdna3g4TG9pYS1Hbmlz?oc=5,Arabic
عوامة الأمل تحولت لكابوس.. فقدان طفلة تونسية وسط البحر - العين الإخبارية,6/29/2025,https://news.google.com/rss/articles/CBMiXEFVX3lxTE9Sc0Rqd0hsdGtiOWtDdWt0OGFPZTRPM1BaUEE5T2VsTGpzc2ppTGtnSEkwWGRRUVlNR3NUWENFdkg5d2tqOVNYSEdDX091U2xTWEhIUkE0RzQ0ZnlL?oc=5,Arabic
"""إشراقة من الظل"" يحصد جائزة المهرجان العربي في تونس ...السعودية - برس بي",6/29/2025,https://news.google.com/rss/articles/CBMirgNBVV95cUxQOGVhRnB1TXI3N0pXQlJjU05tOThzTk45VUlnNTFVZTBoWGRzakxZV0xYdzJJbWo2aFRJeF9IU2dsQUd0SFdkclpSUHVWQS04LTgyQnNjX2x3bHJZekFqR2tZdENzRlRjWkk2SGFwbXVJM0taMHFHbVVkMGs4UFptdFVmTWQzWXdHU1pzY1RXcUY4WU1yMnhWN1RNdkNWODhpcG9ZS2k2NFJsLW14dXFrcVY1X3Mwb3RidWZLUTVFSWU1Tm9ZRi11VFBBaEJhTl83WXFmdlByNUFSWHlrbjlKLXoxSFBRWmdmTkhSMEZ4QkR4b1VIaEFCVzY4azBVUW1iVVpqZk93anNGa0xtTDRpUmxsa1lpQXJTR2hwdF84OUNXcnNTTHkwU2dXWklfeEx0eEp0TGZocnBIRXE4NWNCUGZHU04tOXlSZ3BXTEtnRy11VWNxdEcweXR2Y0pmQXVnMDBpalotQW5LNzlFcVA0d21iRkR6NlA5M21FSmplczRBMWZIUTFqUmlJQThzckVvOU1SREt1YkdkY3VmdzFQSzI0VzVIbHY2N0NFckVR0gFXQVVfeXFMUGtLck9TMnVOejIyODZiOENuNVJ2cVktQ0Vud1NFMnpnbzRYTHFpWGtGcHMtY0tLTlJkSEo4azMtWGpMUEtvb29SZ3RBVUQ3ZldzZ2N2eEpF?oc=5,Arabic
مي عمر تعود من تونس بعد تكريمها على مسرح قرطاج.. وتحضّر لأعمال فنية جديدة - الجمهور الإخباري,6/28/2025,https://news.google.com/rss/articles/CBMiRkFVX3lxTFBwTTVaMU90c3k1dVVFc0szZ3BYSi1xYlJyNTdha05SME54U1MxQWV0M3J1d2JXclc3eThUU2dJZWIxR2U2YUE?oc=5,Arabic
مصر تحصد ذهبية الفرق ببطولة أفريقيا لسلاح السيف بعد الفوز على تونس - بوابة روز اليوسف,6/28/2025,https://news.google.com/rss/articles/CBMikARBVV95cUxQdGZWZ0V6LXdGbDN1eWZ1OElRbi12Nnlnd0ZfaDFYZVg1ejJ0VkxDeXZrRWdmaVZscFJHZlVRRHBtUGpfbW9xZzF3UzRRZHQ5NVVLMWJTdGRjVDRuU2NvcXBabEpVNFFadTBpSlJzN21QZ09WOXJFWTBxeGhOU2FmeXE3MjZra0dudm96TDZ2UGxhNnFmS0NFUnVGQXI0Y0prQUIwS2VUWFJLb1E4Ul9DQl9UM2RLQzlzcThUZEI2U2k4bU4zc0t3NFYxVXRlYkVhM3czWGd5R2JIRVNGaUVPanZuWHA3REpkNU1MLUhhQ2k2bVIzeDFwRTdIUTdUbEVDUGlaamd2bnhTMFBTQU4zWlQyRU5vRDdQekgwQ3Q1eDU2UkpVZE1VS1N0RnJ4N1dUNkh1Ym9WRjd5S05NZXgwRFczUTFVbUtibmJfOUVIOGhBQTl5Z24wVkFiWDhTSklES0pONldubEVucFpmaVFxSTUxb21wMVJJVk1OdlZESHo1WndzTnhMRTFNalFIdW5yMTQ1MUltc05na2lnRWxud3AtaWUtU0FNc2NjblFkT2tBV05icmxUMDRsVU1scFZ4MkxESzdKRG1haXdmRTNHSnkzMmV5VzlYc19YQVdQbkJqblJRemRUelV0WWwtSElWNlM1am9pbjNZWDkycG5WR0ZuVW81ZVZaZksxZVMtNkQ?oc=5,Arabic
تونس تفوز بـكرسي بلدان الجنوب في علوم الرياضيات لسنة 2026 ...تونس - برس بي,6/28/2025,https://news.google.com/rss/articles/CBMizANBVV95cUxNc0Qya21DU2FEUDJPLUlBalpocmhVU1otMUhlMXRoOGdwMlZNZUNHcTJFN0dkZzM2YTBhV25LN3ZPYUl5UG5zNElsMC1CZGFETDItZk5lTm9ESmZiWDZFLWNxa1R0allaUFQyRzREcWJnNjBfX2EtTms5dGM2U1B5R0pSemVLeFZIU0F6SUdCMkVPTllPNWs4QjhhLTNCTk9QMTk0QWtEd0JCd1hCbE1uUW9IWFVEYWRGYkVlWkZIX3B4WE5FTWM0SUlJc25lTjg2bTBFQlBtYXFXMC0zb3ZseTVJS185ak11RkpBUjNiaGt3TGVUT1pxSHZNbGREMS1JT0xNTzhpVm9wSXRfZkdaVmhxN25NYUhqZ2dkM1hvWFdvdW5KMElCdXYzclZPQzNtRkhmSTY5Y2pxYy13VGcxWHlIVmlkaGl3d0R5YkE2RGVhc1FmQXQtek5WWGE4X0dqYk13RkQzRHNmX0tWcXV4YUZ0bGI4SFVoOWFUaGFMZEFkY05Wb1lpaGhHNlp5bFBjbkwzYVhxYWEwTjJzSEd6U053Mkk5a2ZFbEhtZXYyeFNwc2tiT3llTGtpeWhPWXNtSFJ3MjNtOTVoVjFG0gFXQVVfeXFMTnJhRnhlMXpSMlVIcW1LRkV4aENBczNSTGdIaHBlVjNzNlFUTTdiWnNCMGJoeFdBc0J0bkRyVWRCai02dXJhbFN1SXlLVWJhdXJuZEE4V1BV?oc=5,Arabic
